"Status","Name","Duration in ms","Description"
"passed","","1",""
"passed","","2",""
"passed","","1",""
"passed","","730",""
"passed","","1",""
"passed","","1",""
"passed","","1",""
"passed","","2",""
"passed","","743",""
"passed","","3",""
"passed","","0",""
"passed","","2",""
"passed","","1",""
"passed","","703",""
"passed","","841",""
"passed","","0",""
"passed","","3",""
"passed","","1",""
"passed","","1",""
"passed","","1",""
"passed","","2",""
"passed","","0",""
"passed","","0",""
"passed","","0",""
"passed","","0",""
"passed","","1",""
"passed","","785",""
"passed","","1",""
"passed","","1",""
"passed","","837",""
"passed","","0",""
"passed","","68",""
"passed","","0",""
"passed","","0",""
"passed","","794",""
"passed","","0",""
"passed","","2",""
"passed","","0",""
"passed","","0",""
"passed","","0",""
"passed","","0",""
"passed","","2",""
"passed","","0",""
"passed","","0",""
"passed","","844",""
"passed","","0",""
